company_id,year,net_profit_margin_pct,operating_profit_margin_pct,return_on_equity_pct,return_on_capital_employed_pct,debt_to_equity,interest_coverage,icr_label,asset_turnover,free_cash_flow_cr,capex_cr,earnings_per_share,book_value_per_share,dividend_payout_ratio_pct,total_debt_cr,cash_from_operations_cr,revenue_cagr_3yr,revenue_cagr_3yr_flag,revenue_cagr_5yr,revenue_cagr_5yr_flag,revenue_cagr_10yr,revenue_cagr_10yr_flag,pat_cagr_3yr,pat_cagr_3yr_flag,pat_cagr_5yr,pat_cagr_5yr_flag,pat_cagr_10yr,pat_cagr_10yr_flag,eps_cagr_3yr,eps_cagr_3yr_flag,eps_cagr_5yr,eps_cagr_5yr_flag,eps_cagr_10yr,eps_cagr_10yr_flag,cfo_quality_score,cfo_quality_label,capex_intensity_pct,capex_label,fcf_conversion_pct,capital_allocation_label,high_leverage_flag,icr_warning_flag,composite_quality_score,yearn,company_name,broad_sector,sub_sector,index_weight_pct,market_cap_category,pe,pb,market_cap_crore,fcf_yield_pct,dividend_yield_pct,net_profit,sales
ICICIBANK,2024-03,28.888011233982798,62.41380175029464,17.99027109750765,5.219877597590544,6.445624336310825,1.3009461331381824,,0.06747535915921023,12547.0,144737.0,63.0,182.308896797153,16.0,1651008.0,157284.0,21.39660074377121,,17.25086850260209,,12.41864172369489,,31.28635844345755,,51.94877118224903,,14.714696775470282,,32.63524026321307,,55.18455739153598,,13.995881918674137,,3.8724380449452576,High Quality,90.7350986734873,Capital Intensive,12.602450783447166,Mixed,0,1,64.9197109124144,2024,ICICI Bank Ltd,Financials,Private Banks,3.87,Large Cap,25.76,6.2,1319221.86,0.0,3.43,52416.0,180551.0
ADANIPORTS,2024-03,30.339560480700833,58.36172363445772,15.3548827162833,15.902511540568032,0.9373223691689719,5.949506037321624,,0.22830109659056916,8250.0,6768.0,38.0,122.17129629629629,16.0,49470.0,15018.0,28.631936311849437,,19.57867595245697,,18.65179197239284,,17.084126579285687,,14.909565182041629,,16.624572854327614,,14.977941578896626,,14.869835499703509,,16.860936130231472,,1.923293066451101,High Quality,25.337875781513237,Capital Intensive,52.92193213163128,Shareholder Returns,0,0,61.445328330147206,2024,"Adani Ports & Special Economic Zone Ltd
",Industrials,Infrastructure,2.12,Large Cap,48.9,2.31,675598.01,1.2211403642233938,1.16,8104.0,26711.0
IRCTC,2024-03,26.01873536299766,34.33255269320843,34.39628482972136,47.78115501519757,0.018575851393188854,82.73684210526316,,0.7010343129207027,667.0,215.0,14.0,20.1875,47.0,60.0,882.0,76.46921430165466,,17.955244103890912,,,INSUFFICIENT,81.11627776293705,,29.16686408659448,,,INSUFFICIENT,91.29311827723889,,28.473515712343932,,,INSUFFICIENT,0.9036900006508211,Moderate,5.035128805620609,Moderate,45.49795361527968,Reinvestor,0,0,57.923041602136436,2024,Indian Railway Catering & Tourism Corporation Ltd,Consumer Discretionary,Travel & Tourism,3.97,Mid Cap,60.44,5.74,1258520.29,0.05299874823631171,1.08,1111.0,4270.0
TRENT,2024-03,11.935353535353535,15.927272727272726,36.30776794493609,50.85036935234496,0.4309242871189774,8.043478260869565,,1.7278693102485339,841.0,508.0,42.0,113.0,8.0,1753.0,1349.0,68.36335197744833,,36.30691600183056,,18.15797703617492,,,TURNAROUND,73.11367578503176,,,TURNAROUND,,TURNAROUND,69.52182030724354,,,TURNAROUND,1.1823415460786655,High Quality,4.105050505050505,Moderate,42.668696093353624,Shareholder Returns,0,0,57.817568355264775,2024,Trent Ltd,Consumer Discretionary,Retail,0.73,Large Cap,8.65,11.82,571322.04,0.0,3.46,1477.0,12375.0
EICHERMOT,2024-03,24.195694242864054,26.179245283018872,22.172346910501524,31.683275563258235,0.023219728456636186,114.70588235294117,,0.7153796236210254,890.0,2834.0,146.0,668.3333333333334,35.0,419.0,3724.0,23.776441520116,,11.036936496739692,,9.276892163329876,,43.747506025200565,,12.675841665377696,,22.51828946734826,,43.89717190746498,,12.505451629050324,,25.55272979365966,,0.998535742862353,Moderate,17.138364779874212,Capital Intensive,20.559020559020556,Reinvestor,0,0,56.78869512470739,2024,Eicher Motors Ltd,Consumer Discretionary,Two Wheelers,3.13,Large Cap,15.62,13.61,222391.83,0.4001945575069012,4.41,4001.0,16536.0
LTIM,2024-03,12.90931103415266,17.982937748120616,22.904386052552702,32.09289691701752,0.10345688880007993,31.93243243243243,,1.2894641301190821,1752.0,3918.0,155.0,667.2666666666667,42.0,2071.0,5670.0,42.13101535214459,,30.32798083513346,,21.85605589762474,,33.24835486418234,,24.775129058600996,,16.495191642458163,,11.772828128939317,,12.24383304425547,,-6.666549487610296,,1.016292459052437,High Quality,11.031337106174508,Capital Intensive,27.430718647252235,Shareholder Returns,0,0,56.78130148502864,2024,LTIMindtree Ltd,Information Technology,IT Services,2.64,Large Cap,64.52,2.38,1347046.9,0.13006228662120078,4.43,4574.0,37129.0
SUNPHARMA,2024-03,19.815658700538176,26.84289749881436,15.094161810671148,20.739158363334877,0.051423814535002436,58.331932773109244,,0.5684929901064378,11372.0,763.0,40.0,265.27916666666664,34.0,3274.0,12135.0,13.126755589483485,,10.78116321985565,,11.67163711556578,,61.722961970425125,,24.536829642931245,,9.496531115092143,,49.380158218572156,,29.45936165164078,,10.30542524220699,,1.7566700862393234,High Quality,1.5732931933934058,Asset Light,87.35596865878014,Shareholder Returns,0,0,53.38560518207827,2024,Sun Pharmaceuticals Industries Ltd,Healthcare,Pharmaceuticals,0.3,Large Cap,37.9,6.71,1339586.09,0.8489189373413096,3.88,9610.0,48497.0
MARUTI,2024-03,9.50809964894472,13.130031439890594,15.750385351954785,26.67366334324529,0.001389602503619973,117.90721649484536,,1.230295566502463,4936.0,11865.0,429.0,545.452229299363,29.0,119.0,16801.0,26.323644326166008,,10.510215112642584,,12.2815532690568,,45.387585949345265,,12.007182039300378,,16.801752458674525,,43.55878145035321,,11.139222486886503,,16.394629934979687,,1.1324044582012847,High Quality,8.363997800617518,Capital Intensive,26.500590572318266,Shareholder Returns,0,0,52.1947000512204,2024,Maruti Suzuki India Ltd,Consumer Discretionary,Automobiles,1.36,Mid Cap,20.78,8.26,1503863.63,0.3282212496887102,1.78,13488.0,141858.0
DRREDDY,2024-03,19.913605369319196,28.321016743422227,19.74233736816026,29.223955579058696,0.07085722375592836,51.707602339181285,,0.7223053120165034,509.0,4034.0,67.0,340.4096385542169,12.0,2002.0,4543.0,13.71726615103832,,12.639644349571988,,7.640025915260695,,41.90561020689674,,23.392504645437473,,11.008394366816532,,42.81779454599071,,23.842409558387544,,11.284504563028698,,1.3421751740527739,High Quality,14.401485130841454,Capital Intensive,6.416235976301525,Shareholder Returns,0,0,52.16472577283359,2024,Dr Reddys Laboratories Ltd,Healthcare,Pharmaceuticals,1.01,Mid Cap,11.73,10.19,2441803.28,0.020845250072724943,0.09,5578.0,28011.0
INFY,2024-03,17.08075746730006,23.703390381987376,29.788006718416632,42.63902565431459,0.09486358890553362,87.52340425531915,,1.129760329363329,20117.0,5093.0,63.0,42.54756156446161,,8359.0,25210.0,15.216500798806365,,13.199100930556229,,11.852717458931128,,10.558796476740762,,11.239419983657939,,9.433477603192465,,11.868894208139679,,12.474611314209483,,10.60156477390728,,1.037696383329751,High Quality,3.314244810307802,Moderate,55.22855181880576,Shareholder Returns,0,0,49.43055814580774,2024,Infosys Ltd,Information Technology,IT Services,3.37,Large Cap,35.99,8.97,1112279.92,1.808627454139422,4.1,26248.0,153670.0
SIEMENS,2024-09,12.221223021582734,13.956834532374101,17.698769290877124,25.76745970836531,0.018167610861496385,67.15,,0.8790861298865568,1168.0,502.0,76.0,216.29577464788733,16.0,279.0,1670.0,18.998700727442852,,11.193358902067896,,7.612937546261267,,35.646062247422265,,19.85339817550189,,16.250067578355253,,34.83955155292464,,19.643850003755613,,16.15461431239702,,0.8407752345640682,Moderate,2.2571942446043165,Asset Light,37.628865979381445,Reinvestor,0,0,48.81276981917111,2024,Siemens Ltd,Industrials,Capital Goods,0.99,Large Cap,33.32,9.25,1191331.95,0.09804152402695152,3.69,2718.0,22240.0
HAVELLS,2024-03,6.837009144701453,10.118343195266272,17.067275412917954,27.483870967741936,0.040687525177924,25.357142857142858,,1.4952143489101584,335.0,1618.0,20.0,118.2063492063492,44.0,303.0,1953.0,21.14089015706202,,13.037907939063121,,8.728389766288359,,6.77797587953104,,10.033231229420036,,11.040413196880138,,5.566719197800074,,8.997698704834534,,11.069085371075271,,1.0531615268489045,High Quality,8.703604088219473,Capital Intensive,17.809675704412548,Shareholder Returns,0,0,48.42624484684823,2024,Havells India Ltd,Industrials,Consumer Electricals,1.44,Large Cap,45.41,14.08,2521508.87,0.013285695877801929,2.6,1271.0,18590.0
PIDILITIND,2024-03,14.108051360736493,21.868690947266415,20.780302129178065,31.52804642166344,0.045438325205186154,54.333333333333336,,1.0254223252732693,955.0,1769.0,34.0,164.84313725490196,47.0,382.0,2724.0,19.2998469335665,,11.836370175898114,,11.200766251991956,,15.76701574818362,,13.48774998597666,,14.527040733688779,,15.616214441920405,,13.564157249607756,,14.215130617291273,,1.1872411286700877,High Quality,14.285714285714285,Capital Intensive,35.2658788774003,Shareholder Returns,0,0,48.190695826994535,2024,Pidilite Industries Ltd,Materials,Specialty Chemicals,2.15,Large Cap,36.12,12.3,162274.18,0.588510137595519,1.01,1747.0,12383.0
ICICIGI,2024-03,9.366915605017816,87.42129155073948,15.7230643179025,146.4297385620915,0.0028676771814829987,160.02678571428572,,0.3236083907247109,486.0,1921.0,39.0,24.75659229208925,28.0,35.0,2407.0,18.98796206427069,,12.911841003362579,,16.75593015728085,,9.217125634550683,,12.839173718198161,,13.948119696893514,,6.816467042447916,,11.139222486886503,,12.5092775800282,,1.4589650130170952,High Quality,9.37667789329819,Capital Intensive,2.7135678391959797,Shareholder Returns,0,0,48.077244177713595,2024,ICICI Lombard General Insurance Company Ltd,Financials,General Insurance,3.51,Large Cap,49.0,7.86,1271789.21,0.03821387979852416,3.46,1919.0,20487.0
TCS,2024-03,19.136712150207767,26.690688396923118,50.944313673485176,68.78489493452442,0.0886406082507266,87.09511568123393,,1.6559406621205455,50429.0,6091.0,127.0,249.9696132596685,58.0,8021.0,44338.0,13.632864555506409,,10.463614801716602,,11.404391189817975,,12.286310199806593,,7.871172131953608,,9.07908137484088,,13.007434657986106,,8.618771612987096,,9.991915190476197,,1.0364105693048848,High Quality,2.528508507926756,Asset Light,78.43256190120692,Liquidating Assets,0,0,47.564298860904955,2024,Tata Consultancy Services Ltd,Information Technology,IT Services,1.1,Large Cap,78.69,6.08,461188.15,10.934582772779395,1.62,46099.0,240893.0
HCLTECH,2024-03,14.293122742532729,22.015594151738192,23.01393141233172,34.71042001594142,0.08435023365512796,46.46112115732369,,1.1101650405025958,15840.0,6608.0,58.0,125.7145488029466,90.0,5758.0,22448.0,13.396477329776978,,12.710299978373406,,13.082373204583831,,12.043662852781601,,9.194090295112023,,9.179123626035102,,12.257330985276148,,9.407036350794119,,9.69075247889608,,1.371283984612863,High Quality,6.012027694631208,Moderate,65.45995536821225,Shareholder Returns,0,0,45.29056798245307,2024,HCL Technologies Ltd,Information Technology,IT Services,2.5,Large Cap,63.63,5.44,412593.29,3.8391317512701186,1.99,15710.0,109913.0
ASIANPAINT,2024-03,15.658543456824905,21.3692069305536,29.677488252883382,39.64720309404773,0.1321016659547202,41.00487804878049,,1.187084044011906,3556.0,2548.0,57.0,195.08333333333334,58.0,2474.0,6104.0,17.801037676951047,,13.029660349453076,,11.25245350301849,,20.117567163333238,,20.277362101955056,,15.971565352132288,,19.983162620797668,,20.973552688431262,,15.929283130870008,,0.9321931577763527,Moderate,7.17847584166784,Moderate,46.88200395517469,Reinvestor,0,0,44.96687866614272,2024,"Asian Paints
Indian Multi-National Paint and Coating Manufacturing Company",Materials,Paints & Coatings,1.13,Large Cap,73.37,3.9,2126725.18,0.16720543083991699,2.42,5558.0,35495.0
NESTLEIND,2024-03,16.12281708616873,23.829630236943512,117.75449101796407,162.06241519674356,0.10329341317365269,41.186206896551724,,2.318160220469448,2938.0,1237.0,41.0,34.791666666666664,79.0,345.0,4175.0,18.282008662499027,,14.548573711802671,,9.487020936359048,,22.913427743605965,,14.852319512993839,,12.745848564103014,,23.06098642720351,,15.43852585822143,,13.073350509641957,,1.1143341868752215,High Quality,5.070919078461917,Moderate,50.541888869774645,Shareholder Returns,0,0,44.300856615188614,2024,Nestle India Ltd,Consumer Staples,Food Products,0.94,Large Cap,54.96,14.34,1677775.19,0.17511285287273798,3.85,3933.0,24394.0
LT,2024-03,7.031246466738726,13.506668535997433,77.66510140873214,152.61895060890035,0.10345688880007993,3.5441547518923464,,8.027628521638107,20445.0,2179.0,95.0,667.2666666666667,36.0,2071.0,18266.0,17.592821624288746,,10.335347989682408,,10.02514597108597,,6.361264204860495,,8.75885858017449,,12.273743409690363,,5.027553928675843,,8.56169392953159,,10.500834061722086,,1.4464230063906993,High Quality,0.9854689683555468,Asset Light,68.45806127574083,Liquidating Assets,0,0,41.09856167807075,2024,Larsen & Toubro Ltd,Industrials,Engineering & Construction,3.03,Large Cap,30.8,2.48,1124597.5,0.0,1.26,15547.0,221113.0
ADANIPOWER,2024-03,41.36759945184802,36.20186292228556,48.27674122146251,36.15051246768946,0.8023177656738903,8.297225501770956,,0.5472399439185297,17651.0,3481.0,54.0,11.186155042779362,0.0,34616.0,14170.0,24.294797156226156,,16.086096410440966,,12.629527157691523,,154.07088459944453,,,TURNAROUND,,TURNAROUND,162.07413942088965,,,TURNAROUND,,TURNAROUND,1.3223405880103996,High Quality,6.9134674584417395,Moderate,96.83454026771999,Liquidating Assets,0,0,,2024,Adani Power Ltd,Energy,Power & Utilities,3.01,Large Cap,44.57,9.91,1372183.55,1.2863439442922924,1.65,20829.0,50351.0
ATGL,2024-03,14.927374301675977,24.670391061452516,18.65921787709497,22.698072805139187,0.43491620111731844,10.504504504504505,,0.6788531553398058,0.0,,6.0,32.54545454545455,4.0,1557.0,,38.18335427451367,,21.08864867789759,,,INSUFFICIENT,12.99654305433795,,23.8762916927858,,,INSUFFICIENT,14.471424255333186,,24.57309396155174,,,INSUFFICIENT,,,,,0.0,Mixed,0,0,,2024,Adani Total Gas Ltd,Energy,Gas Distribution,0.6,Large Cap,56.96,5.76,1535602.41,0.0,0.51,668.0,4475.0
CANBK,2024-03,13.935160470145405,41.753906568101414,16.716051794688113,3.1560701628619485,14.867419925542423,1.6106611743349857,,0.0719985042520674,13296.0,1750.0,17.0,50.78996692392503,19.0,1369780.0,15046.0,16.302939300232524,,18.17561078322378,,10.817178802179583,,73.3401622666352,,85.7752850068174,,19.14374492187123,,61.980590063874175,,53.4206382524911,,5.449589185476622,,4.069631350415008,High Quality,1.583438141857961,Asset Light,28.81289819269276,Shareholder Returns,0,0,,2024,Canara Bank,Financials,Public Sector Banks,2.96,Large Cap,36.74,12.61,496415.88,2.6783994097851984,3.81,15401.0,110519.0
INDIGO,2024-03,11.852722628584697,76.29890862649484,892.568306010929,5643.454935622318,0.018579234972677595,22.612639724849526,,56.38625204582652,9424.0,11759.0,212.0,19.0625,0.0,17.0,21183.0,67.58091776468258,,19.313355125806165,,20.01227897172877,,,TURNAROUND,120.69250867467933,,32.9316579498421,,,TURNAROUND,121.23568222761168,,-34.87773528813343,,-14.344662971577202,Accrual Risk,17.065772669220944,Capital Intensive,17.92555113841706,Reinvestor,0,0,,2024,Interglobe Aviation Ltd,Consumer Discretionary,Airlines,3.03,Large Cap,76.23,7.87,1040632.92,0.9056027172386589,4.27,8167.0,68904.0
